<?xml version="1.0" encoding="utf-8" ?><dwsync><file name="activityApplet1.html" server="www.softchalk.com/public_html/softchalk/" local="3409155304" remote="11999089815" /><file name="activityApplet2.html" server="www.softchalk.com/public_html/softchalk/" local="3409155304" remote="11999089815" /><file name="activityApplet3.html" server="www.softchalk.com/public_html/softchalk/" local="3409155304" remote="11999089816" /><file name="activityApplet4.html" server="www.softchalk.com/public_html/softchalk/" local="3409155304" remote="11999089816" /><file name="activityApplet8.html" server="www.softchalk.com/public_html/softchalk/" local="3409155304" remote="11999089816" /><file name="ada-access.gif" server="www.softchalk.com/public_html/softchalk/" local="3409155304" remote="11999089817" /><file name="ada-activity.gif" server="www.softchalk.com/public_html/softchalk/" local="3409155304" remote="11999089817" /><file name="ada-annotation.gif" server="www.softchalk.com/public_html/softchalk/" local="3409155304" remote="11999089817" /><file name="ada-equation.gif" server="www.softchalk.com/public_html/softchalk/" local="3409155304" remote="11999089817" /><file name="ada-media.gif" server="www.softchalk.com/public_html/softchalk/" local="3409155304" remote="11999089817" /><file name="align8.xml" server="www.softchalk.com/public_html/softchalk/" local="3409155304" remote="11999089820" /><file name="align_custom.png" server="www.softchalk.com/public_html/softchalk/" local="3409155304" remote="11999089821" /><file name="align_title_custom.png" server="www.softchalk.com/public_html/softchalk/" local="3409155304" remote="11999089821" /><file name="banner_custom.png" server="www.softchalk.com/public_html/softchalk/" local="3409155304" remote="11999089821" /><file name="check.png" server="www.softchalk.com/public_html/softchalk/" local="3409155304" remote="11999089821" /><file name="close_custom.png" server="www.softchalk.com/public_html/softchalk/" local="3409155304" remote="11999089821" /><file name="close_feedback.png" server="www.softchalk.com/public_html/softchalk/" local="3409155304" remote="11999089822" /><file name="close_float.png" server="www.softchalk.com/public_html/softchalk/" local="3409155304" remote="11999089822" /><file name="Cloud and Mobile in K12 -Thought_Leadership_for_Education_April2011.pdf" server="www.softchalk.com/public_html/softchalk/" local="3404299182" remote="11999089825" /><file name="contentwrap_custom.png" server="www.softchalk.com/public_html/softchalk/" local="3409155304" remote="11999089825" /><file name="correct.mp3" server="www.softchalk.com/public_html/softchalk/" local="3409155304" remote="11999089825" /><file name="csshover.htc" server="www.softchalk.com/public_html/softchalk/" local="3409155304" remote="11999089825" /><file name="dropcloths.png" server="www.softchalk.com/public_html/softchalk/" local="3409155212" remote="11999089826" /><file name="dropmenu_custom.png" server="www.softchalk.com/public_html/softchalk/" local="3409155304" remote="11999089826" /><file name="english teachers comic.jpg" server="www.softchalk.com/public_html/softchalk/" local="3409155212" remote="11999089826" /><file name="get_flash_player.gif" server="www.softchalk.com/public_html/softchalk/" local="3409155304" remote="11999089827" /><file name="identify1.xml" server="www.softchalk.com/public_html/softchalk/" local="3409155304" remote="11999089827" /><file name="identify_custom.png" server="www.softchalk.com/public_html/softchalk/" local="3409155304" remote="11999089827" /><file name="identify_title_custom.png" server="www.softchalk.com/public_html/softchalk/" local="3409155304" remote="11999089828" /><file name="index.html" server="www.softchalk.com/public_html/softchalk/" local="3409155304" remote="11999089828" /><file name="lb_buttonimage.txt" server="www.softchalk.com/public_html/softchalk/" local="3409155304" remote="11999089828" /><file name="NewLinguistics.css" server="www.softchalk.com/public_html/softchalk/" local="3404404451" remote="11999089924" /><file name="NewLinguistics.html" server="www.softchalk.com/public_html/softchalk/" local="3404404451" remote="11999089924" /><file name="NewLinguistics.zip" server="www.softchalk.com/public_html/softchalk/" local="3404316565" remote="11999089930" /><file name="NewLinguistics2.html" server="www.softchalk.com/public_html/softchalk/" local="3404404451" remote="11999089931" /><file name="NewLinguistics3.html" server="www.softchalk.com/public_html/softchalk/" local="3404404451" remote="11999089931" /><file name="NewLinguistics4.html" server="www.softchalk.com/public_html/softchalk/" local="3404404451" remote="11999089931" /><file name="NewLinguistics5.html" server="www.softchalk.com/public_html/softchalk/" local="3404404451" remote="11999089932" /><file name="NewLinguistics_dummy.html" server="www.softchalk.com/public_html/softchalk/" local="3404404451" remote="11999089932" /><file name="NewLinguistics_md.xml" server="www.softchalk.com/public_html/softchalk/" local="3404404451" remote="11999089932" /><file name="NewLinguistics_orm.txt" server="www.softchalk.com/public_html/softchalk/" local="3404404451" remote="11999089932" /><file name="NewLinguistics_print.css" server="www.softchalk.com/public_html/softchalk/" local="3404404451" remote="11999089933" /><file name="NewLinguistics_print.html" server="www.softchalk.com/public_html/softchalk/" local="3404404451" remote="11999089933" /><file name="NewLinguistics_sco.zip" server="www.softchalk.com/public_html/softchalk/" local="3404404433" remote="11999089939" /><file name="NewLinguistics_sco2004.zip" server="www.softchalk.com/public_html/softchalk/" local="3404404452" remote="11999089945" /><file name="NewLinguistics_tiv.txt" server="www.softchalk.com/public_html/softchalk/" local="3404404451" remote="11999089945" /><file name="onthispage_custom.png" server="www.softchalk.com/public_html/softchalk/" local="3409155304" remote="11999089946" /><file name="paste_image1.gif" server="www.softchalk.com/public_html/softchalk/" local="3404299184" remote="11999089946" /><file name="paste_image2.gif" server="www.softchalk.com/public_html/softchalk/" local="3404299184" remote="11999089946" /><file name="Rosetta_Stone.jpg" server="www.softchalk.com/public_html/softchalk/" local="3409155212" remote="11999089947" /><file name="selection4.xml" server="www.softchalk.com/public_html/softchalk/" local="3409155304" remote="11999089979" /><file name="selection_custom.png" server="www.softchalk.com/public_html/softchalk/" local="3409155304" remote="11999089979" /><file name="selection_title_custom.png" server="www.softchalk.com/public_html/softchalk/" local="3409155304" remote="11999089980" /><file name="selfcheck_custom.png" server="www.softchalk.com/public_html/softchalk/" local="3409155304" remote="11999089980" /><file name="semantics3.png" server="www.softchalk.com/public_html/softchalk/" local="3409155212" remote="11999089980" /><file name="sequence3.xml" server="www.softchalk.com/public_html/softchalk/" local="3409155304" remote="11999089980" /><file name="sequence_custom.png" server="www.softchalk.com/public_html/softchalk/" local="3409155304" remote="11999089981" /><file name="sequence_title_custom.png" server="www.softchalk.com/public_html/softchalk/" local="3409155304" remote="11999089981" /><file name="sets2.xml" server="www.softchalk.com/public_html/softchalk/" local="3409155304" remote="11999089981" /><file name="sets_custom.png" server="www.softchalk.com/public_html/softchalk/" local="3409155304" remote="11999089981" /><file name="sets_title_custom.png" server="www.softchalk.com/public_html/softchalk/" local="3409155304" remote="11999089982" /><file name="softchalk_manifest.xml" server="www.softchalk.com/public_html/softchalk/" local="3409155304" remote="11999089982" /><file name="spacer.gif" server="www.softchalk.com/public_html/softchalk/" local="3409155304" remote="11999089982" /><file name="submenu-rt_custom.png" server="www.softchalk.com/public_html/softchalk/" local="3409155304" remote="11999089982" /><file name="submenu_custom.png" server="www.softchalk.com/public_html/softchalk/" local="3409155304" remote="11999089983" /><file name="woof.png" server="www.softchalk.com/public_html/softchalk/" local="3409155212" remote="11999089983" /><file name="wrong.mp3" server="www.softchalk.com/public_html/softchalk/" local="3409155304" remote="11999089983" /><file name="wrong.png" server="www.softchalk.com/public_html/softchalk/" local="3409155304" remote="11999089984" /><file name="yoda_syntax.png" server="www.softchalk.com/public_html/softchalk/" local="3409155212" remote="11999089985" /><file name="Linguistics.css" server="www.softchalk.com/public_html/softchalk/" local="3409155304" remote="11999089831" /><file name="Linguistics.html" server="www.softchalk.com/public_html/softchalk/" local="3409155304" remote="11999089831" /><file name="Linguistics.zip" server="www.softchalk.com/public_html/softchalk/" local="3409155287" remote="11999089854" /><file name="Linguistics2.html" server="www.softchalk.com/public_html/softchalk/" local="3409155304" remote="11999089854" /><file name="Linguistics3.html" server="www.softchalk.com/public_html/softchalk/" local="3409155304" remote="11999089854" /><file name="Linguistics4.html" server="www.softchalk.com/public_html/softchalk/" local="3409155304" remote="11999089854" /><file name="Linguistics5.html" server="www.softchalk.com/public_html/softchalk/" local="3409155304" remote="11999089855" /><file name="Linguistics_dummy.html" server="www.softchalk.com/public_html/softchalk/" local="3409155304" remote="11999089855" /><file name="Linguistics_md.xml" server="www.softchalk.com/public_html/softchalk/" local="3409155304" remote="11999089855" /><file name="Linguistics_orm.txt" server="www.softchalk.com/public_html/softchalk/" local="3409155304" remote="11999089855" /><file name="Linguistics_print.css" server="www.softchalk.com/public_html/softchalk/" local="3409155304" remote="11999089855" /><file name="Linguistics_print.html" server="www.softchalk.com/public_html/softchalk/" local="3409155304" remote="11999089856" /><file name="Linguistics_sco.zip" server="www.softchalk.com/public_html/softchalk/" local="3409155239" remote="11999089878" /><file name="Linguistics_sco2004.zip" server="www.softchalk.com/public_html/softchalk/" local="3409155306" remote="11999089901" /><file name="Linguistics_tiv.txt" server="www.softchalk.com/public_html/softchalk/" local="3409155304" remote="11999089901" /></dwsync>