<?xml version="1.0" encoding="UTF-8" standalone="no"?>
<slideIdentificationActivity gradeSetsIndividually="false">
    <set columns="3" id="0" rows="1">
        <title encoding="true"><![CDATA[Which+linguist+is+shown+below%3F]]></title>
        <allowRetry>true</allowRetry>
        <image><![CDATA[<img src="lessonimages/identifyImage1_0.png" width="192" height="253"></img>]]></image>
        <choices>
            <choice correct="true" encoding="true" id="0" value="1.0"><![CDATA[Jakob+Grimm]]></choice>
            <choice correct="false" encoding="true" id="1" value="0.0"><![CDATA[Noam+Chomsky]]></choice>
            <choice correct="false" encoding="true" id="2" value="0.0"><![CDATA[Ferdinand+de+Saussur]]></choice>
        </choices>
    </set>
    <set columns="3" id="1" rows="1">
        <title encoding="true"><![CDATA[Which+linguist+is+shown+below%3F]]></title>
        <allowRetry>true</allowRetry>
        <image><![CDATA[<img src="lessonimages/identifyImage1_1.png" width="186" height="256"></img>]]></image>
        <choices>
            <choice correct="true" encoding="true" id="0" value="1.0"><![CDATA[Ferdinand+de+Saussur]]></choice>
            <choice correct="false" encoding="true" id="1" value="0.0"><![CDATA[Jakob+Grimm]]></choice>
            <choice correct="false" encoding="true" id="2" value="0.0"><![CDATA[Noam+Chomsky]]></choice>
        </choices>
    </set>
    <set columns="3" id="2" rows="1">
        <title encoding="true"><![CDATA[Which+linguist+is+shown+below%3F]]></title>
        <allowRetry>true</allowRetry>
        <image><![CDATA[<img src="lessonimages/identifyImage1_2.png" width="191" height="256"></img>]]></image>
        <choices>
            <choice correct="true" encoding="true" id="0" value="1.0"><![CDATA[Noam+Chomsky]]></choice>
            <choice correct="false" encoding="true" id="1" value="0.0"><![CDATA[Ferdinand+de+Saussur]]></choice>
            <choice correct="false" encoding="true" id="2" value="0.0"><![CDATA[Jakob+Grimm]]></choice>
        </choices>
    </set>
</slideIdentificationActivity>