<?xml version="1.0" encoding="UTF-8" standalone="no"?>
<orderingActivity gradeSetsIndividually="false">
    <set columns="1" id="0" rows="4">
        <title encoding="true"><![CDATA[Place+words+in+sentence+order]]></title>
        <allowRetry>true</allowRetry>
        <choices>
            <choice encoding="true" id="0" value="1.0"><![CDATA[A]]></choice>
            <choice encoding="true" id="1" value="1.0"><![CDATA[dog]]></choice>
            <choice encoding="true" id="2" value="1.0"><![CDATA[bit]]></choice>
            <choice encoding="true" id="3" value="1.0"><![CDATA[Sally]]></choice>
        </choices>
    </set>
    <set columns="1" id="1" rows="4">
        <title encoding="true"><![CDATA[Place+words+in+sentence+order]]></title>
        <allowRetry>true</allowRetry>
        <choices>
            <choice encoding="true" id="0" value="1.0"><![CDATA[Sally]]></choice>
            <choice encoding="true" id="1" value="1.0"><![CDATA[saw]]></choice>
            <choice encoding="true" id="2" value="1.0"><![CDATA[the]]></choice>
            <choice encoding="true" id="3" value="1.0"><![CDATA[dogs]]></choice>
        </choices>
    </set>
</orderingActivity>