<?xml version="1.0" encoding="utf-8"?>
<manifest xmlns="http://www.imsproject.org/xsd/imscp_rootv1p1p2" xmlns:imsmd="http://www.imsglobal.org/xsd/imsmd_rootv1p2p1" xmlns:adlcp="http://www.adlnet.org/xsd/adlcp_rootv1p2" xmlns:xsi="http://www.w3.org/2001/XMLSchema-instance" identifier="3a8d4f4f62c2e75" xsi:schemaLocation="http://www.imsproject.org/xsd/imscp_rootv1p1p2 imscp_rootv1p1p2.xsd http://www.imsglobal.org/xsd/imsmd_rootv1p2p1 imsmd_rootv1p2p1.xsd http://www.adlnet.org/xsd/adlcp_rootv1p2 adlcp_rootv1p2.xsd">
  <metadata>
    <schema>ADL SCORM</schema>
    <schemaversion>1.2</schemaversion>
    <adlcp:location>packagemetadata.xml</adlcp:location>
  </metadata>
  <organizations default="org-3a8d4f4f62c2e75">
    <organization identifier="org-3a8d4f4f62c2e75" structure="hierarchical">
      <title>Active Listening</title>
      <item identifier="course-3a8d4f4f62c2e75" identifierref="index-3a8d4f4f62c2e75" isvisible="true">
        <title>Active Listening</title>
        <adlcp:masteryscore>80</adlcp:masteryscore>
      </item>
    </organization>
  </organizations>
  <resources>
    <resource identifier="index-3a8d4f4f62c2e75" adlcp:scormtype="sco" type="webcontent" href="scormcontent/indexAPI.html">
      <metadata>
        <adlcp:location>packagemetadata.xml</adlcp:location>
      </metadata>
      <file href="scormcontent/indexAPI.html" />
      <dependency identifierref="video-3a8d4f4f62c2e75" />
      <dependency identifierref="exam-3a8d4f4f62c2e75" />
    </resource>
    <resource identifier="video-3a8d4f4f62c2e75" type="webcontent" adlcp:scormtype="asset">
      <file href="video.html" />
    </resource>
    <resource identifier="exam-3a8d4f4f62c2e75" type="webcontent" adlcp:scormtype="asset">
      <file href="test.html" />
    </resource>
  </resources>
</manifest>