<?xml version="1.0" encoding="utf-8"?>
<lom xmlns="http://www.imsglobal.org/xsd/imsmd_rootv1p2p1" xmlns:xsi="http://www.w3.org/2001/XMLSchema-instance" xsi:schemaLocation="http://www.imsglobal.org/xsd/imsmd_rootv1p2p1 imsmd_rootv1p2p1.xsd">
  <general>
    <title>
      <langstring>Active Listening</langstring>
    </title>
    <description>
      <langstring>In this class you will learn how to be more of an effective listener. </langstring>
    </description>
    <keyword>
      <langstring>Diagnostic</langstring>
    </keyword>
    <keyword>
      <langstring>SCORM</langstring>
    </keyword>
    <keyword>
      <langstring>SCO</langstring>
    </keyword>
  </general>
</lom>